<?xml version="1.0"?>
<!DOCTYPE hibernate-mapping PUBLIC
        "-//Hibernate/Hibernate Mapping DTD 3.0//EN"
        "http://hibernate.sourceforge.net/hibernate-mapping-3.0.dtd">

<hibernate-mapping>
	<class name="net.mjrz.scheduler.db.entities.TaskEntity" table="TB_TASKS">
		<id name="id" column="id" type="long">
			<generator class="native"/>
		</id>
		<property name="name" type="java.lang.String" unique="true"/>
		<property name="startTime" type="java.util.Date"/>
		<property name="endTime" type="java.util.Date"/>
		<property name="businessObjectId" type="long"/>
		<property name="taskType" type="java.lang.String"/>		
		<set name="schedules" inverse="false" cascade="all" lazy="false">
			<key column="id" />
			<one-to-many class="net.mjrz.scheduler.db.entities.TaskSchedule"/>
		</set>
		
	</class>
</hibernate-mapping>