<?xml version="1.0"?>
<!DOCTYPE hibernate-mapping PUBLIC
        "-//Hibernate/Hibernate Mapping DTD 3.0//EN"
        "http://hibernate.sourceforge.net/hibernate-mapping-3.0.dtd">

<hibernate-mapping>
	<class name="net.mjrz.fm.entity.beans.AttachmentRef" table="TB_ATTACHMENTREF">
		<id name="id" column="id" type="long">
		</id>
		<property name="key" type="long"/>
		<property name="source" type="java.lang.String"/>
		<property name="mimeType" type="java.lang.String"/>
		<property name="attachmentId" type="long" unique="true"/>
		<property name="fileName" type="java.lang.String"/>
	</class>
</hibernate-mapping>