<?xml version="1.0"?>
<!DOCTYPE hibernate-mapping PUBLIC
        "-//Hibernate/Hibernate Mapping DTD 3.0//EN"
        "http://hibernate.sourceforge.net/hibernate-mapping-3.0.dtd">

<hibernate-mapping>
	<class name="net.mjrz.fm.entity.beans.Budget" table="TB_BUDGET">
		<id name="id" column="budgetid" type="long">
		</id>
		<property name="uid" type="long"/>
		<property name="type" type="int"/>
		<property name="name" type="java.lang.String">
			<column name="name" sql-type="varchar(128)"/>
		</property>

		<set name="accounts" inverse="false" cascade="all" lazy="false">
			<key column="budgetid" />
			<one-to-many class="net.mjrz.fm.entity.beans.BudgetedAccount"/>
		</set>
	</class>
</hibernate-mapping>