<?xml version="1.0"?>
<!DOCTYPE hibernate-mapping PUBLIC
        "-//Hibernate/Hibernate Mapping DTD 3.0//EN"
        "http://hibernate.sourceforge.net/hibernate-mapping-3.0.dtd">

<hibernate-mapping>
	<class name="net.mjrz.fm.entity.beans.IndexedEntityBean" table="TB_IE">
		<id name="id" column="id" type="long">
           <generator class="increment"/>
		</id>
		<property name="type" type="int"/>

		<property name="indexType" type="int"/>

		<property name="occuranceCount" type="int"/>

		<property name="token" type="net.mjrz.fm.entity.beans.types.EString"> 
			<column name="token" sql-type="varchar(512)" /> 
		</property>

		<property name="name" type="net.mjrz.fm.entity.beans.types.EString"> 
			<column name="name" sql-type="varchar(512)" /> 
		</property>

	</class>
</hibernate-mapping>