<?xml version="1.0"?>
<!DOCTYPE hibernate-mapping PUBLIC
        "-//Hibernate/Hibernate Mapping DTD 3.0//EN"
        "http://hibernate.sourceforge.net/hibernate-mapping-3.0.dtd">

<hibernate-mapping>
	<class name="net.mjrz.fm.entity.beans.Portfolio" table="TB_PORTFOLIO">
		<id name="id" column="id" type="long">
		</id>
		<property name="uid"/>
		<property name="portfolioName" type="java.lang.String"/>
		<property name="createDate" type="java.util.Date"/>
		<property name="history" type="java.lang.String"/>
	</class>
</hibernate-mapping>